title,link,price,picture,byWho
SmartMag - Newspaper Magazine & News WordPress,https://themeforest.net/item/smartmag-responsive-retina-wordpress-magazine/full_screen_preview/6652608,$59$35,"<img alt=""SmartMag - Newspaper Magazine &amp; News WordPress"" class=""shared-item_cards-preview_image_component__image"" data-action=""error-&gt;image-preview#setFallback"" data-carousel-target=""image"" data-controller=""image-preview"" data-fallback=""https://previews.customer.envatousercontent.com/files/397106929/prev-40-off.__large_preview.png"" height=""300"" loading=""lazy"" src=""https://themeforest.img.customer.envatousercontent.com/files/397106929/prev-40-off.png?auto=compress%2Cformat&amp;fit=crop&amp;crop=top&amp;w=590&amp;h=300&amp;s=9ac0eb45f96005138454576ba7149f2d"" style=""left: 0%"" title=""SmartMag - Newspaper Magazine &amp; News WordPress"" width=""590""/>",by: ThemeSphere
SmartMag - Newspaper Magazine & News WordPress,https://themeforest.net/item/smartmag-responsive-retina-wordpress-magazine/full_screen_preview/6652608,$59$35,,by: ThemeSphere
BabyStreet - WooCommerce Theme for Kids Toys and Clothes Shops,https://themeforest.net/item/babystreet-woocommerce-theme-for-kids-and-baby-shops/full_screen_preview/23461786,$49$34,"<img alt=""BabyStreet - WooCommerce Theme for Kids Toys and Clothes Shops"" class=""shared-item_cards-preview_image_component__image"" data-action=""error-&gt;image-preview#setFallback"" data-carousel-target=""image"" data-controller=""image-preview"" data-fallback=""https://previews.customer.envatousercontent.com/files/367425376/00_main_preview.__large_preview.jpg"" height=""300"" loading=""lazy"" src=""https://themeforest.img.customer.envatousercontent.com/files/367425376/00_main_preview.jpg?auto=compress%2Cformat&amp;fit=crop&amp;crop=top&amp;w=590&amp;h=300&amp;s=501ff6a966b564c716b3c51d37c80363"" style=""left: 0%"" title=""BabyStreet - WooCommerce Theme for Kids Toys and Clothes Shops"" width=""590""/>",by: AlThemist
BabyStreet - WooCommerce Theme for Kids Toys and Clothes Shops,https://themeforest.net/item/babystreet-woocommerce-theme-for-kids-and-baby-shops/full_screen_preview/23461786,$49$34,,by: AlThemist
Inteshape - Architecture and Interior WordPress Theme,https://themeforest.net/item/inteshape-architecture-and-interior-wordpress-theme/full_screen_preview/32714454,$59$29,"<img alt=""Inteshape - Architecture and Interior WordPress Theme"" class=""shared-item_cards-preview_image_component__image"" data-action=""error-&gt;image-preview#setFallback"" data-carousel-target=""image"" data-controller=""image-preview"" data-fallback=""https://previews.customer.envatousercontent.com/files/393377642/01_preview_image.__large_preview.jpg"" height=""300"" loading=""lazy"" src=""https://themeforest.img.customer.envatousercontent.com/files/393377642/01_preview_image.jpg?auto=compress%2Cformat&amp;fit=crop&amp;crop=top&amp;w=590&amp;h=300&amp;s=b311d3c0509e8f92b506033593970adc"" style=""left: 0%"" title=""Inteshape - Architecture and Interior WordPress Theme"" width=""590""/>",by: GridValley
Inteshape - Architecture and Interior WordPress Theme,https://themeforest.net/item/inteshape-architecture-and-interior-wordpress-theme/full_screen_preview/32714454,$59$29,,by: GridValley
Avada | Website Builder For WordPress & WooCommerce,https://themeforest.net/item/avada-responsive-multipurpose-theme/full_screen_preview/2833226,$60,"<img alt=""Avada | Website Builder For WordPress &amp; WooCommerce"" class=""shared-item_cards-preview_image_component__image"" data-action=""error-&gt;image-preview#setFallback"" data-carousel-target=""image"" data-controller=""image-preview"" data-fallback=""https://previews.customer.envatousercontent.com/files/389560232/screenshots/00-Preview.__large_preview.jpg"" height=""300"" loading=""lazy"" src=""https://themeforest.img.customer.envatousercontent.com/files/389560232/screenshots/00-Preview.jpg?auto=compress%2Cformat&amp;fit=crop&amp;crop=top&amp;w=590&amp;h=300&amp;s=f25c7139c84f111ae8e9d569fabd68fa"" style=""left: 0%"" title=""Avada | Website Builder For WordPress &amp; WooCommerce"" width=""590""/>",by: ThemeFusion
Avada | Website Builder For WordPress & WooCommerce,https://themeforest.net/item/avada-responsive-multipurpose-theme/full_screen_preview/2833226,$60,,by: ThemeFusion
Flatsome | Multi-Purpose Responsive WooCommerce Theme,https://themeforest.net/item/flatsome-multipurpose-responsive-woocommerce-theme/full_screen_preview/5484319,$59,"<img alt=""Flatsome | Multi-Purpose Responsive WooCommerce Theme"" class=""shared-item_cards-preview_image_component__image"" data-action=""error-&gt;image-preview#setFallback"" data-carousel-target=""image"" data-controller=""image-preview"" data-fallback=""https://previews.customer.envatousercontent.com/files/314864885/Cover%20(6).__large_preview.jpg"" height=""300"" loading=""lazy"" src=""https://themeforest.img.customer.envatousercontent.com/files/314864885/Cover+(6).jpg?auto=compress%2Cformat&amp;fit=crop&amp;crop=top&amp;w=590&amp;h=300&amp;s=c580b8d87b4e8318f347218c44cb78a3"" style=""left: 0%"" title=""Flatsome | Multi-Purpose Responsive WooCommerce Theme"" width=""590""/>",by: UX-themes
Flatsome | Multi-Purpose Responsive WooCommerce Theme,https://themeforest.net/item/flatsome-multipurpose-responsive-woocommerce-theme/full_screen_preview/5484319,$59,,by: UX-themes
Betheme | Responsive Multipurpose WordPress & WooCommerce Theme,https://themeforest.net/item/betheme-responsive-multipurpose-wordpress-theme/full_screen_preview/7758048,$59,"<img alt=""Betheme | Responsive Multipurpose WordPress &amp; WooCommerce Theme"" class=""shared-item_cards-preview_image_component__image"" data-action=""error-&gt;image-preview#setFallback"" data-carousel-target=""image"" data-controller=""image-preview"" data-fallback=""https://previews.customer.envatousercontent.com/files/397086266/01_betheme.__large_preview.png"" height=""300"" loading=""lazy"" src=""https://themeforest.img.customer.envatousercontent.com/files/397086266/01_betheme.png?auto=compress%2Cformat&amp;fit=crop&amp;crop=top&amp;w=590&amp;h=300&amp;s=8f49ef9fedfae7d54b3487fd72608e62"" style=""left: 0%"" title=""Betheme | Responsive Multipurpose WordPress &amp; WooCommerce Theme"" width=""590""/>",by: muffingroup
Betheme | Responsive Multipurpose WordPress & WooCommerce Theme,https://themeforest.net/item/betheme-responsive-multipurpose-wordpress-theme/full_screen_preview/7758048,$59,,by: muffingroup
The7 — Website and eCommerce Builder for WordPress,https://themeforest.net/item/the7-responsive-multipurpose-wordpress-theme/full_screen_preview/5556590,$39,"<img alt=""The7 — Website and eCommerce Builder for WordPress"" class=""shared-item_cards-preview_image_component__image"" data-action=""error-&gt;image-preview#setFallback"" data-carousel-target=""image"" data-controller=""image-preview"" data-fallback=""https://previews.customer.envatousercontent.com/files/346014871/preview_26.06.21.__large_preview.png"" height=""300"" loading=""lazy"" src=""https://themeforest.img.customer.envatousercontent.com/files/346014871/preview_26.06.21.png?auto=compress%2Cformat&amp;fit=crop&amp;crop=top&amp;w=590&amp;h=300&amp;s=14a04dabd55814a61291f1fee6a8f52b"" style=""left: 0%"" title=""The7 — Website and eCommerce Builder for WordPress"" width=""590""/>",by: Dream-Theme
The7 — Website and eCommerce Builder for WordPress,https://themeforest.net/item/the7-responsive-multipurpose-wordpress-theme/full_screen_preview/5556590,$39,,by: Dream-Theme
Razzi - Multipurpose WooCommerce WordPress Theme,https://themeforest.net/item/razzi-woocommerce-wordpress-theme/full_screen_preview/31833761,$29$20,"<img alt=""Razzi - Multipurpose WooCommerce WordPress Theme"" class=""shared-item_cards-preview_image_component__image"" data-action=""error-&gt;image-preview#setFallback"" data-carousel-target=""image"" data-controller=""image-preview"" data-fallback=""https://previews.customer.envatousercontent.com/files/396907845/Theme-Preview/00_Preview.__large_preview.png"" height=""300"" loading=""lazy"" src=""https://themeforest.img.customer.envatousercontent.com/files/396907845/Theme-Preview/00_Preview.png?auto=compress%2Cformat&amp;fit=crop&amp;crop=top&amp;w=590&amp;h=300&amp;s=e456a46d4c7c7bf61f8b85379a16ac58"" style=""left: 0%"" title=""Razzi - Multipurpose WooCommerce WordPress Theme"" width=""590""/>",by: drfuri
Razzi - Multipurpose WooCommerce WordPress Theme,https://themeforest.net/item/razzi-woocommerce-wordpress-theme/full_screen_preview/31833761,$29$20,,by: drfuri
MinimogWP – The High Converting eCommerce WordPress Theme,https://themeforest.net/item/minimog-the-high-converting-ecommerce-wordpress-theme/full_screen_preview/36947163,$29,"<img alt=""MinimogWP – The High Converting eCommerce WordPress Theme"" class=""shared-item_cards-preview_image_component__image"" data-action=""error-&gt;image-preview#setFallback"" data-carousel-target=""image"" data-controller=""image-preview"" data-fallback=""https://previews.customer.envatousercontent.com/files/394148626/preview.__large_preview.png"" height=""300"" loading=""lazy"" src=""https://themeforest.img.customer.envatousercontent.com/files/394148626/preview.png?auto=compress%2Cformat&amp;fit=crop&amp;crop=top&amp;w=590&amp;h=300&amp;s=0937a2cd2b3a9dc974a993282377c56e"" style=""left: 0%"" title=""MinimogWP – The High Converting eCommerce WordPress Theme"" width=""590""/>",by: ThemeMove
MinimogWP – The High Converting eCommerce WordPress Theme,https://themeforest.net/item/minimog-the-high-converting-ecommerce-wordpress-theme/full_screen_preview/36947163,$29,,by: ThemeMove
Machic - Electronics Store WooCommerce Theme,https://themeforest.net/item/machic-electronics-store-woocommerce-theme/full_screen_preview/34267600,$47$32,"<img alt=""Machic - Electronics Store WooCommerce Theme"" class=""shared-item_cards-preview_image_component__image"" data-action=""error-&gt;image-preview#setFallback"" data-carousel-target=""image"" data-controller=""image-preview"" data-fallback=""https://previews.customer.envatousercontent.com/files/359823323/preview.__large_preview.png"" height=""300"" loading=""lazy"" src=""https://themeforest.img.customer.envatousercontent.com/files/359823323/preview.png?auto=compress%2Cformat&amp;fit=crop&amp;crop=top&amp;w=590&amp;h=300&amp;s=bae3d750acfc4f731888c319a414b7e0"" style=""left: 0%"" title=""Machic - Electronics Store WooCommerce Theme"" width=""590""/>",by: KlbTheme
Machic - Electronics Store WooCommerce Theme,https://themeforest.net/item/machic-electronics-store-woocommerce-theme/full_screen_preview/34267600,$47$32,,by: KlbTheme
Restly - IT Solutions & Technology WordPress Theme,https://themeforest.net/item/restly-it-solutions-technology-wordpress-theme/full_screen_preview/31941062,$30$21,"<img alt=""Restly - IT Solutions &amp; Technology WordPress Theme"" class=""shared-item_cards-preview_image_component__image"" data-action=""error-&gt;image-preview#setFallback"" data-carousel-target=""image"" data-controller=""image-preview"" data-fallback=""https://previews.customer.envatousercontent.com/files/396203201/theme%20preview/Preview-01.__large_preview.jpg"" height=""300"" loading=""lazy"" src=""https://themeforest.img.customer.envatousercontent.com/files/396203201/theme+preview/Preview-01.jpg?auto=compress%2Cformat&amp;fit=crop&amp;crop=top&amp;w=590&amp;h=300&amp;s=ee112fb11ac8f2a847ef296862037dc4"" style=""left: 0%"" title=""Restly - IT Solutions &amp; Technology WordPress Theme"" width=""590""/>",by: themepul
Restly - IT Solutions & Technology WordPress Theme,https://themeforest.net/item/restly-it-solutions-technology-wordpress-theme/full_screen_preview/31941062,$30$21,,by: themepul
Litho - Multipurpose Elementor WordPress Theme,https://themeforest.net/item/litho-multipurpose-elementor-wordpress-theme/full_screen_preview/33077980,$59$41,"<img alt=""Litho - Multipurpose Elementor WordPress Theme"" class=""shared-item_cards-preview_image_component__image"" data-action=""error-&gt;image-preview#setFallback"" data-carousel-target=""image"" data-controller=""image-preview"" data-fallback=""https://previews.customer.envatousercontent.com/files/381606444/preview.__large_preview.jpg"" height=""300"" loading=""lazy"" src=""https://themeforest.img.customer.envatousercontent.com/files/381606444/preview.jpg?auto=compress%2Cformat&amp;fit=crop&amp;crop=top&amp;w=590&amp;h=300&amp;s=5ab0faff0bb5d302171fcc16544d8217"" style=""left: 0%"" title=""Litho - Multipurpose Elementor WordPress Theme"" width=""590""/>",by: themezaa
Litho - Multipurpose Elementor WordPress Theme,https://themeforest.net/item/litho-multipurpose-elementor-wordpress-theme/full_screen_preview/33077980,$59$41,,by: themezaa
Wolmart | Multi-Vendor Marketplace WooCommerce Theme,https://themeforest.net/item/wolmart-multivendor-marketplace-woocommerce-theme/full_screen_preview/32947681,$69,"<img alt=""Wolmart | Multi-Vendor Marketplace WooCommerce Theme"" class=""shared-item_cards-preview_image_component__image"" data-action=""error-&gt;image-preview#setFallback"" data-carousel-target=""image"" data-controller=""image-preview"" data-fallback=""https://previews.customer.envatousercontent.com/files/385288325/01_wolmart_wp.__large_preview.jpg"" height=""300"" loading=""lazy"" src=""https://themeforest.img.customer.envatousercontent.com/files/385288325/01_wolmart_wp.jpg?auto=compress%2Cformat&amp;fit=crop&amp;crop=top&amp;w=590&amp;h=300&amp;s=32f229980c314748d9a46c4b87f9f532"" style=""left: 0%"" title=""Wolmart | Multi-Vendor Marketplace WooCommerce Theme"" width=""590""/>",by: don-themes
Wolmart | Multi-Vendor Marketplace WooCommerce Theme,https://themeforest.net/item/wolmart-multivendor-marketplace-woocommerce-theme/full_screen_preview/32947681,$69,,by: don-themes
Neeon - WordPress News Magazine Theme,https://themeforest.net/item/neeon-wordpress-news-magazine-theme/full_screen_preview/35441133,$29$26,"<img alt=""Neeon - WordPress News Magazine Theme"" class=""shared-item_cards-preview_image_component__image"" data-action=""error-&gt;image-preview#setFallback"" data-carousel-target=""image"" data-controller=""image-preview"" data-fallback=""https://previews.customer.envatousercontent.com/files/395075411/neeon-preview/01_preview.__large_preview.png"" height=""300"" loading=""lazy"" src=""https://themeforest.img.customer.envatousercontent.com/files/395075411/neeon-preview/01_preview.png?auto=compress%2Cformat&amp;fit=crop&amp;crop=top&amp;w=590&amp;h=300&amp;s=d5f95c9d32917e8cb36f41aecdc113af"" style=""left: 0%"" title=""Neeon - WordPress News Magazine Theme"" width=""590""/>",by: RadiusTheme
Neeon - WordPress News Magazine Theme,https://themeforest.net/item/neeon-wordpress-news-magazine-theme/full_screen_preview/35441133,$29$26,,by: RadiusTheme
Imroz - Agency & Portfolio Theme,https://themeforest.net/item/imroz-creative-agency-portfolio-wordpress-theme/full_screen_preview/35533530,$29,"<img alt=""Imroz - Agency &amp; Portfolio Theme"" class=""shared-item_cards-preview_image_component__image"" data-action=""error-&gt;image-preview#setFallback"" data-carousel-target=""image"" data-controller=""image-preview"" data-fallback=""https://previews.customer.envatousercontent.com/files/395034792/preview.__large_preview.jpg"" height=""300"" loading=""lazy"" src=""https://themeforest.img.customer.envatousercontent.com/files/395034792/preview.jpg?auto=compress%2Cformat&amp;fit=crop&amp;crop=top&amp;w=590&amp;h=300&amp;s=b4110090e1b33c6c606ac93191affb42"" style=""left: 0%"" title=""Imroz - Agency &amp; Portfolio Theme"" width=""590""/>",by: Rainbow-Themes
Imroz - Agency & Portfolio Theme,https://themeforest.net/item/imroz-creative-agency-portfolio-wordpress-theme/full_screen_preview/35533530,$29,,by: Rainbow-Themes
Askka - Candle Shop,https://themeforest.net/item/askka-candle-shop/full_screen_preview/33286100,$69,"<img alt=""Askka - Candle Shop"" class=""shared-item_cards-preview_image_component__image"" data-action=""error-&gt;image-preview#setFallback"" data-carousel-target=""image"" data-controller=""image-preview"" data-fallback=""https://previews.customer.envatousercontent.com/files/368828759/00_preview.__large_preview.png"" height=""300"" loading=""lazy"" src=""https://themeforest.img.customer.envatousercontent.com/files/368828759/00_preview.png?auto=compress%2Cformat&amp;fit=crop&amp;crop=top&amp;w=590&amp;h=300&amp;s=5f19c4873baab2f788372aca6bc639ba"" style=""left: 0%"" title=""Askka - Candle Shop"" width=""590""/>",by: Elated-Themes
Askka - Candle Shop,https://themeforest.net/item/askka-candle-shop/full_screen_preview/33286100,$69,,by: Elated-Themes
Mojuri – Jewelry Store WooCommerce Theme,https://themeforest.net/item/mojuri-jewelry-store-woocommerce-theme/full_screen_preview/33421476,$48,"<img alt=""Mojuri – Jewelry Store WooCommerce Theme"" class=""shared-item_cards-preview_image_component__image"" data-action=""error-&gt;image-preview#setFallback"" data-carousel-target=""image"" data-controller=""image-preview"" data-fallback=""https://previews.customer.envatousercontent.com/files/371842366/00_Preview.__large_preview.jpg"" height=""300"" loading=""lazy"" src=""https://themeforest.img.customer.envatousercontent.com/files/371842366/00_Preview.jpg?auto=compress%2Cformat&amp;fit=crop&amp;crop=top&amp;w=590&amp;h=300&amp;s=260bca3543ae8461402cc4fbc6587f40"" style=""left: 0%"" title=""Mojuri – Jewelry Store WooCommerce Theme"" width=""590""/>",by: wpbingo
Mojuri – Jewelry Store WooCommerce Theme,https://themeforest.net/item/mojuri-jewelry-store-woocommerce-theme/full_screen_preview/33421476,$48,,by: wpbingo
MyDecor - Elementor WooCommerce WordPress Theme,https://themeforest.net/item/mydecor-elementor-woocommerce-wordpress-theme/full_screen_preview/36063191,$48,"<img alt=""MyDecor - Elementor WooCommerce WordPress Theme"" class=""shared-item_cards-preview_image_component__image"" data-action=""error-&gt;image-preview#setFallback"" data-carousel-target=""image"" data-controller=""image-preview"" data-fallback=""https://previews.customer.envatousercontent.com/files/394831030/Preview.__large_preview.jpg"" height=""300"" loading=""lazy"" src=""https://themeforest.img.customer.envatousercontent.com/files/394831030/Preview.jpg?auto=compress%2Cformat&amp;fit=crop&amp;crop=top&amp;w=590&amp;h=300&amp;s=8142de87de7631cfebbab34498fc0a60"" style=""left: 0%"" title=""MyDecor - Elementor WooCommerce WordPress Theme"" width=""590""/>",by: skygroup
MyDecor - Elementor WooCommerce WordPress Theme,https://themeforest.net/item/mydecor-elementor-woocommerce-wordpress-theme/full_screen_preview/36063191,$48,,by: skygroup
Cartify - WooCommerce Gutenberg WordPress Theme,https://themeforest.net/item/cartify-multipurpose-woocommerce-wordpress-theme/full_screen_preview/35299456,$39,"<img alt=""Cartify - WooCommerce Gutenberg WordPress Theme"" class=""shared-item_cards-preview_image_component__image"" data-action=""error-&gt;image-preview#setFallback"" data-carousel-target=""image"" data-controller=""image-preview"" data-fallback=""https://previews.customer.envatousercontent.com/files/395880508/01_cartify-590x300.__large_preview.png"" height=""300"" loading=""lazy"" src=""https://themeforest.img.customer.envatousercontent.com/files/395880508/01_cartify-590x300.png?auto=compress%2Cformat&amp;fit=crop&amp;crop=top&amp;w=590&amp;h=300&amp;s=859427213a2cf94b5683ad911559e803"" style=""left: 0%"" title=""Cartify - WooCommerce Gutenberg WordPress Theme"" width=""590""/>",by: AgniHD
Cartify - WooCommerce Gutenberg WordPress Theme,https://themeforest.net/item/cartify-multipurpose-woocommerce-wordpress-theme/full_screen_preview/35299456,$39,,by: AgniHD
SmartMag - Newspaper Magazine & News WordPress,https://themeforest.net/item/smartmag-responsive-retina-wordpress-magazine/full_screen_preview/6652608,$59$35,"<img alt=""SmartMag - Newspaper Magazine &amp; News WordPress"" class=""shared-item_cards-preview_image_component__image"" data-action=""error-&gt;image-preview#setFallback"" data-carousel-target=""image"" data-controller=""image-preview"" data-fallback=""https://previews.customer.envatousercontent.com/files/397106929/prev-40-off.__large_preview.png"" height=""300"" loading=""lazy"" src=""https://themeforest.img.customer.envatousercontent.com/files/397106929/prev-40-off.png?auto=compress%2Cformat&amp;fit=crop&amp;crop=top&amp;w=590&amp;h=300&amp;s=9ac0eb45f96005138454576ba7149f2d"" style=""left: 0%"" title=""SmartMag - Newspaper Magazine &amp; News WordPress"" width=""590""/>",by: ThemeSphere
SmartMag - Newspaper Magazine & News WordPress,https://themeforest.net/item/smartmag-responsive-retina-wordpress-magazine/full_screen_preview/6652608,$59$35,,by: ThemeSphere
BabyStreet - WooCommerce Theme for Kids Toys and Clothes Shops,https://themeforest.net/item/babystreet-woocommerce-theme-for-kids-and-baby-shops/full_screen_preview/23461786,$49$34,"<img alt=""BabyStreet - WooCommerce Theme for Kids Toys and Clothes Shops"" class=""shared-item_cards-preview_image_component__image"" data-action=""error-&gt;image-preview#setFallback"" data-carousel-target=""image"" data-controller=""image-preview"" data-fallback=""https://previews.customer.envatousercontent.com/files/367425376/00_main_preview.__large_preview.jpg"" height=""300"" loading=""lazy"" src=""https://themeforest.img.customer.envatousercontent.com/files/367425376/00_main_preview.jpg?auto=compress%2Cformat&amp;fit=crop&amp;crop=top&amp;w=590&amp;h=300&amp;s=501ff6a966b564c716b3c51d37c80363"" style=""left: 0%"" title=""BabyStreet - WooCommerce Theme for Kids Toys and Clothes Shops"" width=""590""/>",by: AlThemist
BabyStreet - WooCommerce Theme for Kids Toys and Clothes Shops,https://themeforest.net/item/babystreet-woocommerce-theme-for-kids-and-baby-shops/full_screen_preview/23461786,$49$34,,by: AlThemist
Inteshape - Architecture and Interior WordPress Theme,https://themeforest.net/item/inteshape-architecture-and-interior-wordpress-theme/full_screen_preview/32714454,$59$29,"<img alt=""Inteshape - Architecture and Interior WordPress Theme"" class=""shared-item_cards-preview_image_component__image"" data-action=""error-&gt;image-preview#setFallback"" data-carousel-target=""image"" data-controller=""image-preview"" data-fallback=""https://previews.customer.envatousercontent.com/files/393377642/01_preview_image.__large_preview.jpg"" height=""300"" loading=""lazy"" src=""https://themeforest.img.customer.envatousercontent.com/files/393377642/01_preview_image.jpg?auto=compress%2Cformat&amp;fit=crop&amp;crop=top&amp;w=590&amp;h=300&amp;s=b311d3c0509e8f92b506033593970adc"" style=""left: 0%"" title=""Inteshape - Architecture and Interior WordPress Theme"" width=""590""/>",by: GridValley
Inteshape - Architecture and Interior WordPress Theme,https://themeforest.net/item/inteshape-architecture-and-interior-wordpress-theme/full_screen_preview/32714454,$59$29,,by: GridValley
Laurits - Portfolio and Agency Theme,https://themeforest.net/item/laurits-portfolio-and-agency-theme/full_screen_preview/33788013,$79,"<img alt=""Laurits - Portfolio and Agency Theme"" class=""shared-item_cards-preview_image_component__image"" data-action=""error-&gt;image-preview#setFallback"" data-carousel-target=""image"" data-controller=""image-preview"" data-fallback=""https://previews.customer.envatousercontent.com/files/356840083/00_preview.__large_preview.png"" height=""300"" loading=""lazy"" src=""https://themeforest.img.customer.envatousercontent.com/files/356840083/00_preview.png?auto=compress%2Cformat&amp;fit=crop&amp;crop=top&amp;w=590&amp;h=300&amp;s=4747127185072101cdf86be7e4ce7c8a"" style=""left: 0%"" title=""Laurits - Portfolio and Agency Theme"" width=""590""/>",by: Edge-Themes
Laurits - Portfolio and Agency Theme,https://themeforest.net/item/laurits-portfolio-and-agency-theme/full_screen_preview/33788013,$79,,by: Edge-Themes
Eldon - Artist Portfolio Theme,https://themeforest.net/item/eldon-artist-portfolio-theme/full_screen_preview/33788569,$75,"<img alt=""Eldon - Artist Portfolio Theme"" class=""shared-item_cards-preview_image_component__image"" data-action=""error-&gt;image-preview#setFallback"" data-carousel-target=""image"" data-controller=""image-preview"" data-fallback=""https://previews.customer.envatousercontent.com/files/356114710/00_preview.__large_preview.png"" height=""300"" loading=""lazy"" src=""https://themeforest.img.customer.envatousercontent.com/files/356114710/00_preview.png?auto=compress%2Cformat&amp;fit=crop&amp;crop=top&amp;w=590&amp;h=300&amp;s=ccd76081cafb7f963fcd12b7dacca4cc"" style=""left: 0%"" title=""Eldon - Artist Portfolio Theme"" width=""590""/>",by: Edge-Themes
Eldon - Artist Portfolio Theme,https://themeforest.net/item/eldon-artist-portfolio-theme/full_screen_preview/33788569,$75,,by: Edge-Themes
Mogi - A Creative Portfolio / Agency WordPress Theme,https://themeforest.net/item/mogi-a-creative-portfolio-agency-wordpress-theme/full_screen_preview/34013417,$29,"<img alt=""Mogi - A Creative Portfolio / Agency WordPress Theme"" class=""shared-item_cards-preview_image_component__image"" data-action=""error-&gt;image-preview#setFallback"" data-carousel-target=""image"" data-controller=""image-preview"" data-fallback=""https://previews.customer.envatousercontent.com/files/385182340/previewmogi/01_previewmogi.__large_preview.png"" height=""300"" loading=""lazy"" src=""https://themeforest.img.customer.envatousercontent.com/files/385182340/previewmogi/01_previewmogi.png?auto=compress%2Cformat&amp;fit=crop&amp;crop=top&amp;w=590&amp;h=300&amp;s=17eafe4447d3381be0db6e8ef59c01b7"" style=""left: 0%"" title=""Mogi - A Creative Portfolio / Agency WordPress Theme"" width=""590""/>",by: SpabRice
Mogi - A Creative Portfolio / Agency WordPress Theme,https://themeforest.net/item/mogi-a-creative-portfolio-agency-wordpress-theme/full_screen_preview/34013417,$29,,by: SpabRice
Abstrak - Creative Agency Theme,https://themeforest.net/item/abstrak-creative-agency-wordpress-theme/full_screen_preview/34659848,$29$20,"<img alt=""Abstrak - Creative Agency Theme"" class=""shared-item_cards-preview_image_component__image"" data-action=""error-&gt;image-preview#setFallback"" data-carousel-target=""image"" data-controller=""image-preview"" data-fallback=""https://previews.customer.envatousercontent.com/files/397060302/preview.__large_preview.png"" height=""300"" loading=""lazy"" src=""https://themeforest.img.customer.envatousercontent.com/files/397060302/preview.png?auto=compress%2Cformat&amp;fit=crop&amp;crop=top&amp;w=590&amp;h=300&amp;s=26397c2bf0f59b8911ff8384230d8511"" style=""left: 0%"" title=""Abstrak - Creative Agency Theme"" width=""590""/>",by: Axilthemes
Abstrak - Creative Agency Theme,https://themeforest.net/item/abstrak-creative-agency-wordpress-theme/full_screen_preview/34659848,$29$20,,by: Axilthemes
Nerox - Agency & Portfolio WordPress Theme,https://themeforest.net/item/nerox-agency-portfolio-wordpress-theme/full_screen_preview/38410445,$19,"<img alt=""Nerox - Agency &amp; Portfolio WordPress Theme"" class=""shared-item_cards-preview_image_component__image"" data-action=""error-&gt;image-preview#setFallback"" data-carousel-target=""image"" data-controller=""image-preview"" data-fallback=""https://previews.customer.envatousercontent.com/files/397166388/preview.__large_preview.png"" height=""300"" loading=""lazy"" src=""https://themeforest.img.customer.envatousercontent.com/files/397166388/preview.png?auto=compress%2Cformat&amp;fit=crop&amp;crop=top&amp;w=590&amp;h=300&amp;s=68702632f7eec10e451533fde9674b49"" style=""left: 0%"" title=""Nerox - Agency &amp; Portfolio WordPress Theme"" width=""590""/>",by: Theme_Pure
Nerox - Agency & Portfolio WordPress Theme,https://themeforest.net/item/nerox-agency-portfolio-wordpress-theme/full_screen_preview/38410445,$19,,by: Theme_Pure
Dionis - Winery & Vineyard WordPress Theme,https://themeforest.net/item/dionis-winery-vineyard-wordpress-theme/full_screen_preview/38412011,$29,"<img alt=""Dionis - Winery &amp; Vineyard WordPress Theme"" class=""shared-item_cards-preview_image_component__image"" data-action=""error-&gt;image-preview#setFallback"" data-carousel-target=""image"" data-controller=""image-preview"" data-fallback=""https://previews.customer.envatousercontent.com/files/397174735/prev_590x300_WP_29.__large_preview.png"" height=""300"" loading=""lazy"" src=""https://themeforest.img.customer.envatousercontent.com/files/397174735/prev_590x300_WP_29.png?auto=compress%2Cformat&amp;fit=crop&amp;crop=top&amp;w=590&amp;h=300&amp;s=fc6f1498016e4a9a9c0624ce6503f1db"" style=""left: 0%"" title=""Dionis - Winery &amp; Vineyard WordPress Theme"" width=""590""/>",by: just-themes
Dionis - Winery & Vineyard WordPress Theme,https://themeforest.net/item/dionis-winery-vineyard-wordpress-theme/full_screen_preview/38412011,$29,,by: just-themes
Sawmall - Carpenter and Craftman WordPress Theme,https://themeforest.net/item/sawmall-carpenter-and-craftman-wordpress-theme/full_screen_preview/38373164,$19,"<img alt=""Sawmall - Carpenter and Craftman WordPress Theme"" class=""shared-item_cards-preview_image_component__image"" data-action=""error-&gt;image-preview#setFallback"" data-carousel-target=""image"" data-controller=""image-preview"" data-fallback=""https://previews.customer.envatousercontent.com/files/397178331/preview/preview.__large_preview.png"" height=""300"" loading=""lazy"" src=""https://themeforest.img.customer.envatousercontent.com/files/397178331/preview/preview.png?auto=compress%2Cformat&amp;fit=crop&amp;crop=top&amp;w=590&amp;h=300&amp;s=e0ef4107286fa964e0277a9591db0618"" style=""left: 0%"" title=""Sawmall - Carpenter and Craftman WordPress Theme"" width=""590""/>",by: expert-Themes
Sawmall - Carpenter and Craftman WordPress Theme,https://themeforest.net/item/sawmall-carpenter-and-craftman-wordpress-theme/full_screen_preview/38373164,$19,,by: expert-Themes
Bellet – Hair Salon WooCommerce Theme,https://themeforest.net/item/bellet-hair-salon-woocommerce-theme/full_screen_preview/38247135,$19,"<img alt=""Bellet – Hair Salon WooCommerce Theme"" class=""shared-item_cards-preview_image_component__image"" data-action=""error-&gt;image-preview#setFallback"" data-carousel-target=""image"" data-controller=""image-preview"" data-fallback=""https://previews.customer.envatousercontent.com/files/395962545/00_Preview.__large_preview.jpg"" height=""300"" loading=""lazy"" src=""https://themeforest.img.customer.envatousercontent.com/files/395962545/00_Preview.jpg?auto=compress%2Cformat&amp;fit=crop&amp;crop=top&amp;w=590&amp;h=300&amp;s=66e7a6023178738c13e5f7a116a72cc8"" style=""left: 0%"" title=""Bellet – Hair Salon WooCommerce Theme"" width=""590""/>",by: wpbingo
Bellet – Hair Salon WooCommerce Theme,https://themeforest.net/item/bellet-hair-salon-woocommerce-theme/full_screen_preview/38247135,$19,,by: wpbingo
"Anesta - Intranet, Extranet, Community and BuddyPress WordPress Theme",https://themeforest.net/item/anesta-intranet-community-and-buddypress-wordpress-theme/full_screen_preview/38185608,$49,"<img alt=""Anesta - Intranet, Extranet, Community and BuddyPress WordPress Theme"" class=""shared-item_cards-preview_image_component__image"" data-action=""error-&gt;image-preview#setFallback"" data-carousel-target=""image"" data-controller=""image-preview"" data-fallback=""https://previews.customer.envatousercontent.com/files/397086378/previews/01_Anesta.__large_preview.jpg"" height=""300"" loading=""lazy"" src=""https://themeforest.img.customer.envatousercontent.com/files/397086378/previews/01_Anesta.jpg?auto=compress%2Cformat&amp;fit=crop&amp;crop=top&amp;w=590&amp;h=300&amp;s=879c017ad7f1a03ace499ea3071bb201"" style=""left: 0%"" title=""Anesta - Intranet, Extranet, Community and BuddyPress WordPress Theme"" width=""590""/>",by: AncoraThemes
"Anesta - Intranet, Extranet, Community and BuddyPress WordPress Theme",https://themeforest.net/item/anesta-intranet-community-and-buddypress-wordpress-theme/full_screen_preview/38185608,$49,,by: AncoraThemes
Framer - Startup & SaaS WordPress Theme,https://themeforest.net/item/framer-startup-saas-wordpress-theme/full_screen_preview/38006334,$19,"<img alt=""Framer - Startup &amp; SaaS WordPress Theme"" class=""shared-item_cards-preview_image_component__image"" data-action=""error-&gt;image-preview#setFallback"" data-carousel-target=""image"" data-controller=""image-preview"" data-fallback=""https://previews.customer.envatousercontent.com/files/394824077/01_preview.__large_preview.png"" height=""300"" loading=""lazy"" src=""https://themeforest.img.customer.envatousercontent.com/files/394824077/01_preview.png?auto=compress%2Cformat&amp;fit=crop&amp;crop=top&amp;w=590&amp;h=300&amp;s=65ff98c3f9be761cba0683e39ddf06a6"" style=""left: 0%"" title=""Framer - Startup &amp; SaaS WordPress Theme"" width=""590""/>",by: UiCore
Framer - Startup & SaaS WordPress Theme,https://themeforest.net/item/framer-startup-saas-wordpress-theme/full_screen_preview/38006334,$19,,by: UiCore
Bili - Creative Agency WordPress Theme,https://themeforest.net/item/bili-creative-agency-wordpress-theme/full_screen_preview/37940677,$29,"<img alt=""Bili - Creative Agency WordPress Theme"" class=""shared-item_cards-preview_image_component__image"" data-action=""error-&gt;image-preview#setFallback"" data-carousel-target=""image"" data-controller=""image-preview"" data-fallback=""https://previews.customer.envatousercontent.com/files/395200298/preview_29/01_preview.__large_preview.jpg"" height=""300"" loading=""lazy"" src=""https://themeforest.img.customer.envatousercontent.com/files/395200298/preview_29/01_preview.jpg?auto=compress%2Cformat&amp;fit=crop&amp;crop=top&amp;w=590&amp;h=300&amp;s=feaba15a0b61731c57041fa8e72f7e96"" style=""left: 0%"" title=""Bili - Creative Agency WordPress Theme"" width=""590""/>",by: WebGeniusLab
Bili - Creative Agency WordPress Theme,https://themeforest.net/item/bili-creative-agency-wordpress-theme/full_screen_preview/37940677,$29,,by: WebGeniusLab
Swipy - Creative Agency WordPress Theme,https://themeforest.net/item/swipy-creative-agency-wordpress-theme/full_screen_preview/38003514,$19,"<img alt=""Swipy - Creative Agency WordPress Theme"" class=""shared-item_cards-preview_image_component__image"" data-action=""error-&gt;image-preview#setFallback"" data-carousel-target=""image"" data-controller=""image-preview"" data-fallback=""https://previews.customer.envatousercontent.com/files/396726124/preview.__large_preview.png"" height=""300"" loading=""lazy"" src=""https://themeforest.img.customer.envatousercontent.com/files/396726124/preview.png?auto=compress%2Cformat&amp;fit=crop&amp;crop=top&amp;w=590&amp;h=300&amp;s=59c574ef5e2d8b507cfd0220534e92b0"" style=""left: 0%"" title=""Swipy - Creative Agency WordPress Theme"" width=""590""/>",by: rs-theme
Swipy - Creative Agency WordPress Theme,https://themeforest.net/item/swipy-creative-agency-wordpress-theme/full_screen_preview/38003514,$19,,by: rs-theme
Discy - Social Questions and Answers WordPress Theme,https://themeforest.net/item/discy-social-questions-and-answers-wordpress-theme/full_screen_preview/19281265,$59,"<img alt=""Discy - Social Questions and Answers WordPress Theme"" class=""shared-item_cards-preview_image_component__image"" data-action=""error-&gt;image-preview#setFallback"" data-carousel-target=""image"" data-controller=""image-preview"" data-fallback=""https://previews.customer.envatousercontent.com/files/397109491/01_preview.__large_preview.png"" height=""300"" loading=""lazy"" src=""https://themeforest.img.customer.envatousercontent.com/files/397109491/01_preview.png?auto=compress%2Cformat&amp;fit=crop&amp;crop=top&amp;w=590&amp;h=300&amp;s=5c96969bd144b16378e80498fc6eea66"" style=""left: 0%"" title=""Discy - Social Questions and Answers WordPress Theme"" width=""590""/>",by: 2codeThemes
Discy - Social Questions and Answers WordPress Theme,https://themeforest.net/item/discy-social-questions-and-answers-wordpress-theme/full_screen_preview/19281265,$59,,by: 2codeThemes
"Rey - Fashion & Clothing, Furniture",https://themeforest.net/item/rey-multipurpose-woocommerce-theme/full_screen_preview/24689383,$69$48,"<img alt=""Rey - Fashion &amp; Clothing, Furniture"" class=""shared-item_cards-preview_image_component__image"" data-action=""error-&gt;image-preview#setFallback"" data-carousel-target=""image"" data-controller=""image-preview"" data-fallback=""https://previews.customer.envatousercontent.com/files/368046456/01_cover.__large_preview.png"" height=""300"" loading=""lazy"" src=""https://themeforest.img.customer.envatousercontent.com/files/368046456/01_cover.png?auto=compress%2Cformat&amp;fit=crop&amp;crop=top&amp;w=590&amp;h=300&amp;s=78e9d80a293d490f4091d1037a6b41f7"" style=""left: 0%"" title=""Rey - Fashion &amp; Clothing, Furniture"" width=""590""/>",by: ThemeFuzz
"Rey - Fashion & Clothing, Furniture",https://themeforest.net/item/rey-multipurpose-woocommerce-theme/full_screen_preview/24689383,$69$48,,by: ThemeFuzz
Listeo - Directory & Listings With Booking - WordPress Theme,https://themeforest.net/item/listeo-directory-listings-wordpress-theme/full_screen_preview/23239259,$79$55,"<img alt=""Listeo - Directory &amp; Listings With Booking - WordPress Theme"" class=""shared-item_cards-preview_image_component__image"" data-action=""error-&gt;image-preview#setFallback"" data-carousel-target=""image"" data-controller=""image-preview"" data-fallback=""https://previews.customer.envatousercontent.com/files/370116230/01_preview.__large_preview.png"" height=""300"" loading=""lazy"" src=""https://themeforest.img.customer.envatousercontent.com/files/370116230/01_preview.png?auto=compress%2Cformat&amp;fit=crop&amp;crop=top&amp;w=590&amp;h=300&amp;s=74e4db566e0bbf3b325aac4bf6b7c255"" style=""left: 0%"" title=""Listeo - Directory &amp; Listings With Booking - WordPress Theme"" width=""590""/>",by: purethemes
Listeo - Directory & Listings With Booking - WordPress Theme,https://themeforest.net/item/listeo-directory-listings-wordpress-theme/full_screen_preview/23239259,$79$55,,by: purethemes
Cariera - Job Board WordPress Theme,https://themeforest.net/item/cariera-job-board-wordpress-theme/full_screen_preview/20167356,$79$55,"<img alt=""Cariera - Job Board WordPress Theme"" class=""shared-item_cards-preview_image_component__image"" data-action=""error-&gt;image-preview#setFallback"" data-carousel-target=""image"" data-controller=""image-preview"" data-fallback=""https://previews.customer.envatousercontent.com/files/394848262/theme-preview.__large_preview.jpg"" height=""300"" loading=""lazy"" src=""https://themeforest.img.customer.envatousercontent.com/files/394848262/theme-preview.jpg?auto=compress%2Cformat&amp;fit=crop&amp;crop=top&amp;w=590&amp;h=300&amp;s=e40155f001f9601470fbe4d6696086ea"" style=""left: 0%"" title=""Cariera - Job Board WordPress Theme"" width=""590""/>",by: gnodesign
Cariera - Job Board WordPress Theme,https://themeforest.net/item/cariera-job-board-wordpress-theme/full_screen_preview/20167356,$79$55,,by: gnodesign
Enfold - Responsive Multi-Purpose Theme,https://themeforest.net/item/enfold-responsive-multipurpose-theme/full_screen_preview/4519990,$59,"<img alt=""Enfold - Responsive Multi-Purpose Theme"" class=""shared-item_cards-preview_image_component__image"" data-action=""error-&gt;image-preview#setFallback"" data-carousel-target=""image"" data-controller=""image-preview"" data-fallback=""https://previews.customer.envatousercontent.com/files/367921556/images/1_preview.__large_preview.png"" height=""300"" loading=""lazy"" src=""https://themeforest.img.customer.envatousercontent.com/files/367921556/images/1_preview.png?auto=compress%2Cformat&amp;fit=crop&amp;crop=top&amp;w=590&amp;h=300&amp;s=203bdc345bfd230a9a5caaa68d7041eb"" style=""left: 0%"" title=""Enfold - Responsive Multi-Purpose Theme"" width=""590""/>",by: Kriesi
Enfold - Responsive Multi-Purpose Theme,https://themeforest.net/item/enfold-responsive-multipurpose-theme/full_screen_preview/4519990,$59,,by: Kriesi
X | The Theme,https://themeforest.net/item/x-the-theme/full_screen_preview/5871901,$59,"<img alt=""X | The Theme"" class=""shared-item_cards-preview_image_component__image"" data-action=""error-&gt;image-preview#setFallback"" data-carousel-target=""image"" data-controller=""image-preview"" data-fallback=""https://previews.customer.envatousercontent.com/files/303914747/01_xlogo20.__large_preview.jpg"" height=""300"" loading=""lazy"" src=""https://themeforest.img.customer.envatousercontent.com/files/303914747/01_xlogo20.jpg?auto=compress%2Cformat&amp;fit=crop&amp;crop=top&amp;w=590&amp;h=300&amp;s=1afee70f38c27a51d3ecf49d69317d04"" style=""left: 0%"" title=""X | The Theme"" width=""590""/>",by: THEMECO
X | The Theme,https://themeforest.net/item/x-the-theme/full_screen_preview/5871901,$59,,by: THEMECO
Bridge - Creative Multipurpose WordPress Theme,https://themeforest.net/item/bridge-creative-multipurpose-wordpress-theme/full_screen_preview/7315054,$59,"<img alt=""Bridge - Creative Multipurpose WordPress Theme"" class=""shared-item_cards-preview_image_component__image"" data-action=""error-&gt;image-preview#setFallback"" data-carousel-target=""image"" data-controller=""image-preview"" data-fallback=""https://previews.customer.envatousercontent.com/files/393665881/01_bridge.__large_preview.png"" height=""300"" loading=""lazy"" src=""https://themeforest.img.customer.envatousercontent.com/files/393665881/01_bridge.png?auto=compress%2Cformat&amp;fit=crop&amp;crop=top&amp;w=590&amp;h=300&amp;s=cf02f2cf2852ba8e6afefc32e339d5e3"" style=""left: 0%"" title=""Bridge - Creative Multipurpose WordPress Theme"" width=""590""/>",by: QODE
Bridge - Creative Multipurpose WordPress Theme,https://themeforest.net/item/bridge-creative-multipurpose-wordpress-theme/full_screen_preview/7315054,$59,,by: QODE
Jupiter - Elementor Multi-Purpose Theme,https://themeforest.net/item/jupiter-multipurpose-responsive-theme/full_screen_preview/5177775,$59$29,"<img alt=""Jupiter - Elementor Multi-Purpose Theme"" class=""shared-item_cards-preview_image_component__image"" data-action=""error-&gt;image-preview#setFallback"" data-carousel-target=""image"" data-controller=""image-preview"" data-fallback=""https://previews.customer.envatousercontent.com/files/397063950/preview.__large_preview.png"" height=""300"" loading=""lazy"" src=""https://themeforest.img.customer.envatousercontent.com/files/397063950/preview.png?auto=compress%2Cformat&amp;fit=crop&amp;crop=top&amp;w=590&amp;h=300&amp;s=f1fff95f9f673c39fec2ae38f547bca9"" style=""left: 0%"" title=""Jupiter - Elementor Multi-Purpose Theme"" width=""590""/>",by: artbees
Jupiter - Elementor Multi-Purpose Theme,https://themeforest.net/item/jupiter-multipurpose-responsive-theme/full_screen_preview/5177775,$59$29,,by: artbees
Homlisti – Real Estate WordPress Theme + RTL,https://themeforest.net/item/homlisti-real-estate-wordpress-theme/full_screen_preview/33803755,$35,"<img alt=""Homlisti – Real Estate WordPress Theme + RTL"" class=""shared-item_cards-preview_image_component__image"" data-action=""error-&gt;image-preview#setFallback"" data-carousel-target=""image"" data-controller=""image-preview"" data-fallback=""https://previews.customer.envatousercontent.com/files/390550743/homlisti-preview/01_preview.__large_preview.png"" height=""300"" loading=""lazy"" src=""https://themeforest.img.customer.envatousercontent.com/files/390550743/homlisti-preview/01_preview.png?auto=compress%2Cformat&amp;fit=crop&amp;crop=top&amp;w=590&amp;h=300&amp;s=b692958256565ec259ba5d0fbe467f3b"" style=""left: 0%"" title=""Homlisti – Real Estate WordPress Theme + RTL"" width=""590""/>",by: RadiusTheme
Homlisti – Real Estate WordPress Theme + RTL,https://themeforest.net/item/homlisti-real-estate-wordpress-theme/full_screen_preview/33803755,$35,,by: RadiusTheme
Bizup - Business Consulting WordPress Theme,https://themeforest.net/item/bizup-business-consulting-wordpress-theme/full_screen_preview/33409241,$29,"<img alt=""Bizup - Business Consulting WordPress Theme"" class=""shared-item_cards-preview_image_component__image"" data-action=""error-&gt;image-preview#setFallback"" data-carousel-target=""image"" data-controller=""image-preview"" data-fallback=""https://previews.customer.envatousercontent.com/files/395736565/preview.__large_preview.png"" height=""300"" loading=""lazy"" src=""https://themeforest.img.customer.envatousercontent.com/files/395736565/preview.png?auto=compress%2Cformat&amp;fit=crop&amp;crop=top&amp;w=590&amp;h=300&amp;s=432a296e740aa92558bb92a7fa0c48c7"" style=""left: 0%"" title=""Bizup - Business Consulting WordPress Theme"" width=""590""/>",by: rs-theme
Bizup - Business Consulting WordPress Theme,https://themeforest.net/item/bizup-business-consulting-wordpress-theme/full_screen_preview/33409241,$29,,by: rs-theme
Listivo - Classified Ads & Directory Listing,https://themeforest.net/item/listivo-classified-ads-wordpress-theme/full_screen_preview/34032749,$39$19,"<img alt=""Listivo - Classified Ads &amp; Directory Listing"" class=""shared-item_cards-preview_image_component__image"" data-action=""error-&gt;image-preview#setFallback"" data-carousel-target=""image"" data-controller=""image-preview"" data-fallback=""https://previews.customer.envatousercontent.com/files/396125997/listivo-preview/01_cover.__large_preview.png"" height=""300"" loading=""lazy"" src=""https://themeforest.img.customer.envatousercontent.com/files/396125997/listivo-preview/01_cover.png?auto=compress%2Cformat&amp;fit=crop&amp;crop=top&amp;w=590&amp;h=300&amp;s=55910314ec4da9c1209afa09a23b1b7b"" style=""left: 0%"" title=""Listivo - Classified Ads &amp; Directory Listing"" width=""590""/>",by: TangibleDesign
Listivo - Classified Ads & Directory Listing,https://themeforest.net/item/listivo-classified-ads-wordpress-theme/full_screen_preview/34032749,$39$19,,by: TangibleDesign
Cryptlight - ICO NFT Landing Page WordPress Theme,https://themeforest.net/item/cryptlight-ico-landing-page-wordpress-theme/full_screen_preview/33511745,$59$41,"<img alt=""Cryptlight - ICO NFT Landing Page WordPress Theme"" class=""shared-item_cards-preview_image_component__image"" data-action=""error-&gt;image-preview#setFallback"" data-carousel-target=""image"" data-controller=""image-preview"" data-fallback=""https://previews.customer.envatousercontent.com/files/394474423/preview-cryptlight.__large_preview.png"" height=""300"" loading=""lazy"" src=""https://themeforest.img.customer.envatousercontent.com/files/394474423/preview-cryptlight.png?auto=compress%2Cformat&amp;fit=crop&amp;crop=top&amp;w=590&amp;h=300&amp;s=ea0ec5715cb84f0cc0c973065ddc0c0d"" style=""left: 0%"" title=""Cryptlight - ICO NFT Landing Page WordPress Theme"" width=""590""/>",by: ovatheme
Cryptlight - ICO NFT Landing Page WordPress Theme,https://themeforest.net/item/cryptlight-ico-landing-page-wordpress-theme/full_screen_preview/33511745,$59$41,,by: ovatheme
